MSC,NR SZTAFETY,team,Kategoria dodatkowa,czas_netto,plec
1,420,KONDYCJA,,02:39:00,M
2,409,12TRI.PL,,02:47:11,M
3,433,JOGGER NOWY DWÓR MAZOWIECKI,,02:47:12,M
4,259,AZAZEL,,02:48:34,M
5,315,KORONA MARATONÓW PKO BANKU POLSKIEGO,BANKÓW,02:48:43,M
6,280,POLSAT BIEGA 1,,02:49:34,M
7,545,FAURECIA TEAM,MIĘDZYNARODOWE MISTRZOSTWA POLSKI SZTAFET FIRMOWYCH*,02:50:20,M
8,297,OBOZYBIEGOWE.PL - ŚCIGACZE,,02:50:49,M
9,147,DZIKIE DZIKI RASZYN,,02:53:23,M
10,618,AKM OLIMP OLSZTYN,,02:53:49,M
11,152,SENATORSKA16,BANKÓW,02:54:36,M
12,289,EDC RUNNERS I,MIĘDZYNARODOWE MISTRZOSTWA POLSKI SZTAFET FIRMOWYCH*,02:55:00,M
13,609,ZABIEGANI CZĘSTOCHOWA,,02:55:04,M
14,119,PZU SPORT TEAM 1,FIRM UBEZPIECZENIOWYCH,02:55:10,M
15,562,SPEEDY RUNNERS,,02:55:23,M
16,497,"PUKS ""ROCH"" JASIENICA",,02:55:36,M
17,455,BIARKEM CLUB PIASECZNO,,02:56:57,M
18,544,GRANPOL SŁAWNO,,02:57:10,M
19,586,SOUDAL BIEGIEM PIONKI,,02:58:51,M
20,554,ADIDAS RUNNING TEAM 1,,02:59:31,M
21,604,COLLEGE OF EUROPE NATOLIN 1,,03:01:21,M
22,595,FAJNY KLUB PIASECZNO,,03:01:22,M
23,236,A JAK WYGRAMY? ,,03:02:04,M
24,286,ACCELERATE TEAM I,,03:02:10,M
25,422,WINCOR NIXDORF,BANKÓW,03:02:40,M
26,458,PWC RUNNING DREAM TEAM,,03:02:55,M
27,181,SQUADRA AZZURRA,,03:03:28,M
28,295, EDC RUNNERS OIL&GAS TEAM,,03:04:26,M
29,264,NOVO NORDISK 1,,03:04:47,M
30,326,SPARTANIE DZIECIOM 3,,03:04:55,M
31,173,NYHA IV SZCZECIN,,03:05:19,M
32,412,TKKF PŁOCK,,03:05:38,M
33,100,ACCREO ALL BLUES,MIĘDZYNARODOWE MISTRZOSTWA POLSKI SZTAFET FIRMOWYCH*,03:06:04,M
34,128,BLOGACZE I,,03:06:20,M
35,298,INFOVIDE-MATRIX,,03:06:30,M
36,503,BOSSA.PL,,03:06:39,M
37,494,HIAB,,03:06:46,M
38,442,KLUB BIEGACZA ERGO,,03:06:59,M
39,598,FDNT RUNNING TEAM 1,,03:07:25,M
40,447,CENTRUM BIEGOWE ERGO,MIĘDZYNARODOWE MISTRZOSTWA POLSKI SZTAFET FIRMOWYCH*,03:08:02,M
41,584,KS BEDNARSKA 1,,03:08:11,M
42,588,NORDEA OPERATIONS CENTRE (NOC) 1,BANKÓW,03:08:24,M
43,148,GTS 1,,03:08:41,M
44,578,AVIVA RUNNING TEAM 1,FIRM UBEZPIECZENIOWYCH,03:08:55,M
45,226,FAST FURIOUS,,03:09:15,M
46,487,WITC 1,,03:09:29,M
47,219,DELOITTE ADVENTURE TEAM 1,MIĘDZYNARODOWE MISTRZOSTWA POLSKI SZTAFET FIRMOWYCH*,03:09:29,M
48,421,KONDYCJA +,,03:10:08,M
49,461,PAREXEL I,MIĘDZYNARODOWE MISTRZOSTWA POLSKI SZTAFET FIRMOWYCH*,03:11:36,M
50,246,RAIFFEISEN LEASING RUNNERS 1,BANKÓW,03:11:40,M
51,137,PARKER HANNIFIN RUNNERS,,03:12:13,M
52,253,SPARTANIE DZIECIOM 2,,03:12:23,M
53,183,WYDZIAŁ ELEKTRONIKI I TI PW – PRACOWNICY,,03:12:26,M
54,312,UTC TEAM 3,,03:12:28,M
55,499,"STOWARZYSZENIE ROZWOJU KULTURY FIZYCZNEJ I SPORTU ""POLPHARMA",MIĘDZYNARODOWE MISTRZOSTWA POLSKI SZTAFET FIRMOWYCH*,03:12:39,M
56,299,1 BATALION TRANSPORTOWY,,03:12:48,M
57,112,ACCELERATE JASKINIOWCY,,03:12:53,M
58,471,BECEGI 1,,03:13:17,M
59,120,PZU SPORT TEAM 2,FIRM UBEZPIECZENIOWYCH,03:13:34,M
60,413,TKKF PŁOCK 2,,03:13:42,M
61,498,(BIELAŃSKI KLUB KYOKUSHIN KARATE) BKKK RUNNING TEAM,,03:13:48,M
62,576,MERITUM BANK I PARTNERZY 1,MIĘDZYNARODOWE MISTRZOSTWA POLSKI SZTAFET FIRMOWYCH*,03:14:23,M
63,328,CHARTY ARUPA,,03:14:39,M
64,202,UTC TEAM 2,,03:14:39,M
65,204,AGNIESZKA TEAM,BANKÓW,03:14:45,M
66,156,12TRI.PL 3,,03:14:51,M
67,449,IN4MATES,,03:15:12,M
68,477,OLIMPIJSKA TEAM 1,,03:16:05,M
69,101,DB MARATHON TEAM,BANKÓW,03:16:18,M
70,103,INNOVA CAPITAL,,03:16:26,M
71,522,RAIFFEISEN POLBANK WIGRAMY,BANKÓW,03:16:30,M
72,460,FRUNANATICS,,03:16:31,M
73,634,HOME BROKER RUNNING TEAM,,03:16:47,M
74,463,TRZECIA DE,,03:16:55,M
75,424,UNIQA  RUNNERS  1 ,FIRM UBEZPIECZENIOWYCH,03:17:03,M
76,301,WARSAW WRECKERS,,03:17:30,M
77,155,12TRI.PL 2,,03:17:39,M
78,581,GOTHAER TEAM ,FIRM UBEZPIECZENIOWYCH,03:18:09,M
79,506,AZIMUTUS,,03:18:20,M
80,623,MRR,,03:18:33,M
81,230,SAGE,,03:18:33,M
82,481,MSD RUNNING CLUB,,03:18:39,M
83,432,SATURNIAKI ???,,03:19:05,M
84,283,SANDOZ BE HEALTHY 2,,03:19:09,M
85,573,AKS POLONIA WARSZAWA,,03:19:40,M
86,304,TRUCHT TARCHOMIN TEAM,,03:19:48,M
87,638,SYGMA BANK 1,MIĘDZYNARODOWE MISTRZOSTWA POLSKI SZTAFET FIRMOWYCH*,03:19:51,M
88,227,RBS 1,BANKÓW,03:19:52,M
89,347,SALONI SADOWSKI TEAM,,03:20:14,M
90,247,28KPCHOR,,03:20:16,M
91,205,EKIPA BEZ DZIENGÓW,,03:20:53,M
92,293,EDC RUNNERS MOUNTS TEAM,,03:21:06,M
93,310,CENTRUM REHABILITACJI LECZNICZEJ,,03:21:08,M
94,221,TOUK ALFA,,03:21:09,M
95,167,UTC,MIĘDZYNARODOWE MISTRZOSTWA POLSKI SZTAFET FIRMOWYCH*,03:21:30,M
96,430,WALRAVEN,,03:21:48,M
97,276,PEKAO LEASING RUNNERS,BANKÓW,03:21:50,M
98,402,BANK PEKAO - DETAL CENTRALA,BANKÓW,03:22:05,M
99,448,RUN FORREST,MIĘDZYNARODOWE MISTRZOSTWA POLSKI SZTAFET FIRMOWYCH*,03:22:23,M
100,479,IPOPEMA MARATHON TEAM I,BANKÓW,03:22:26,M
101,560,JEZUICI,,03:22:47,M
102,439,BASKET REFS TEAM,,03:23:06,M
103,526,GENERALI RUNNING TEAM 2,,03:23:10,M
104,547,SAMORZĄD PAJĘCZNO,,03:23:14,M
105,591,GURU RUNNERS 2,,03:23:15,M
106,300,KARMAR,,03:23:18,M
107,294,EDC RUNNERS II,,03:23:52,M
108,168,DAT VAT,,03:24:02,M
109,164,ENTERPRISE INVESTORS,,03:24:15,M
110,450,ATMEDIA,,03:24:20,M
111,241,WIĘCEJ FUNKU!,,03:24:22,M
112,566,BIEGACZE,,03:24:29,M
113,225,CRIDO IN MOTION BOSTON,,03:24:36,M
114,141,ASTMATYCZNE GRUBASY Z AWOKADO,,03:24:37,M
115,179,HP RUN 1,,03:24:41,M
116,123,FUN SWIM,,03:24:47,M
117,178,DZIECI PRL-U,,03:24:58,M
118,127,BYLE DO METY,,03:25:16,M
119,404,CHYBA TY,,03:25:24,M
120,291,EDC RUNNERS HPT  I,,03:25:24,M
121,533,KIDZCORNER STUMILOWY,,03:25:42,M
122,115,ACCENTURE TODO SALENCIAKI,,03:25:44,M
123,485,DELOITTE ADVENTURE TEAM POZNAŃ,MIĘDZYNARODOWE MISTRZOSTWA POLSKI SZTAFET FIRMOWYCH*,03:25:59,M
124,281,POLSAT BIEGA 2,,03:26:12,M
125,587,ALLEN & OVERY RUNNING TEAM,,03:26:41,M
126,260,ZNIKAJĄCY PUNKT,,03:27:01,M
127,563,BANK BPH - PO PROSTU FAIR 2,BANKÓW,03:27:11,M
128,223,ŻWAWE ŻUBRY,BANKÓW,03:27:36,M
129,139,GAŁKA SKŁAD I,,03:27:40,M
130,248,PRASKIE RYDWANY OGNIA,FIRM UBEZPIECZENIOWYCH,03:27:47,M
131,132,RUN RACE TEAM,,03:27:50,M
132,166,GOOGLE ENDURANCE TEAM 4,,03:27:55,M
133,613,NORDEA OPERATIONS CENTRE (NOC) 2,BANKÓW,03:28:00,M
134,278,SODEXO RUNNING TEAM,,03:28:01,M
135,302,GLAXOSMITHKLINE PHARMA,MIĘDZYNARODOWE MISTRZOSTWA POLSKI SZTAFET FIRMOWYCH*,03:28:04,M
136,271,GUMOWE LACZKI,,03:28:05,M
137,330,WEDEL,,03:28:19,M
138,200,DZIKI BAGIENNE,,03:28:19,M
139,418,KONDYCJA JUNIORS,,03:28:31,M
140,532,KIDZCORNER ,,03:28:32,M
141,502,LHI,MIĘDZYNARODOWE MISTRZOSTWA POLSKI SZTAFET FIRMOWYCH*,03:28:33,M
142,149,GTS 2,,03:28:42,M
143,452,PWC RUNNING TEAM III,,03:28:57,M
144,473,TYGRYSY EUROPY,FIRM UBEZPIECZENIOWYCH,03:29:05,M
145,209,CISCO RUNNING SQUAD,MIĘDZYNARODOWE MISTRZOSTWA POLSKI SZTAFET FIRMOWYCH*,03:29:09,M
146,426,UNIQA RUNNERS 3,FIRM UBEZPIECZENIOWYCH,03:29:26,M
147,570,NIKE2,,03:29:28,M
148,216,CASTORAMA I,,03:29:30,M
149,405,AMNESTY INTERNATIONAL TEAM,MIĘDZYNARODOWE MISTRZOSTWA POLSKI SZTAFET FIRMOWYCH*,03:29:31,M
150,129,SUPER TEAM,,03:29:33,M
151,572,NIKE4,,03:29:38,M
152,239,RĄCZA SZÓSTKA,,03:29:43,M
153,257,SCM,,03:29:45,M
154,303,STRÖER RUNNING TEAM,,03:29:45,M
155,189,COFACE POLAND 2,FIRM UBEZPIECZENIOWYCH,03:29:53,M
156,574,AKS POLONIA WARSZAWA II,,03:29:58,M
157,274,SIEDLCE,,03:30:02,M
158,543,JANSSEN,,03:30:02,M
159,611,GOSIR PIASECZNO,MIĘDZYNARODOWE MISTRZOSTWA POLSKI SZTAFET FIRMOWYCH*,03:30:14,M
160,550,BMW POLSKA,,03:30:15,M
161,138,OBI-BOKI RUNNING CREW I,,03:30:16,M
162,187,ZRYTE KMIOTY,,03:30:17,M
163,536,POLARNY KLUB SPORTOWY HORNSUND,,03:30:22,M
164,305,GAZELE BIZNESU,,03:30:31,M
165,410,12TRI.PL 4,,03:30:34,M
166,190,QUINTILES,MIĘDZYNARODOWE MISTRZOSTWA POLSKI SZTAFET FIRMOWYCH*,03:30:43,M
167,170,EKIDEN NAVO RUNNING TEAM,,03:30:48,M
168,228,LIBERTY DIRECT ,FIRM UBEZPIECZENIOWYCH,03:30:50,M
169,131,BEZ METRA,,03:30:52,M
170,626,POGROMCY MIL,,03:30:53,M
171,327,ARUP,,03:30:56,M
172,272,TRANSEKO,MIĘDZYNARODOWE MISTRZOSTWA POLSKI SZTAFET FIRMOWYCH*,03:31:02,M
173,145,BNP PARIBAS TEAM,BANKÓW,03:31:24,M
174,319,POWERADE RUNNING TEAM IV,,03:31:31,M
175,414,"RZEZNIK U SMOKA, CO BUJA W OBLOKACH",,03:32:03,M
176,349,HP RUN 2,,03:32:05,M
177,321,SPARTANIE DZIECIOM 1,,03:32:25,M
178,159,BLOGACZE II,,03:32:26,M
179,163,PEKAOEKIPA 2,BANKÓW,03:32:31,M
180,136,YOKOGAWA RUNNERS,,03:32:31,M
181,290,EDC RUNNERS MATERIALS,MIĘDZYNARODOWE MISTRZOSTWA POLSKI SZTAFET FIRMOWYCH*,03:32:34,M
182,539,SPAL SZTEJKA,,03:32:35,M
183,171,NARODOWE CENTRUM BADAŃ I ROZWOJU,,03:32:44,M
184,121,PZU SPORT TEAM 3,FIRM UBEZPIECZENIOWYCH,03:32:44,M
185,561,UNIA RUNNERS CREW,MIĘDZYNARODOWE MISTRZOSTWA POLSKI SZTAFET FIRMOWYCH*,03:32:49,M
186,490,DRUNK SAMURAI D,,03:32:56,M
187,153,KLUB BIEGACZA PLL LOT,,03:32:56,M
188,211,CASTORAMA II,,03:33:12,M
189,480,SALES&MORE RUNNINGTEAM,,03:33:24,M
190,491,DRUNK SAMURAI A,,03:33:31,M
191,640,CARGILL 1,,03:33:34,M
192,540,THE SUPERGIRLS - WARSAW INTERNATIONAL TRIATHLON CLUB,,03:34:07,M
193,597,CAG RUNNERS,MIĘDZYNARODOWE MISTRZOSTWA POLSKI SZTAFET FIRMOWYCH*,03:34:09,M
194,642,CARGILL 3,,03:34:13,M
195,186,OBOZYBIEGOWE.PL - PUCHATKI,,03:34:20,M
196,176,LINGARO RUNNING 1,,03:34:23,M
197,465,PWC TRANSFER PRICING I PRZYJACIELE,,03:34:35,M
198,177,SZTACHETA MARZEŃ,,03:34:36,M
199,508,SIEMENS WIND,,03:34:37,M
200,629,KRUSZWICA - BUNGE 1,MIĘDZYNARODOWE MISTRZOSTWA POLSKI SZTAFET FIRMOWYCH*,03:34:46,M
201,647,CANON RUNNING TEAM ,MIĘDZYNARODOWE MISTRZOSTWA POLSKI SZTAFET FIRMOWYCH*,03:34:47,M
202,345,BUSINESS TRAVEL CLUB,,03:34:50,M
203,565,WITC DRUZYNA 4,,03:34:52,M
204,553,PTAKI GEPARDA,,03:34:54,M
205,316,POWERADE RUNNING TEAM I,,03:35:11,M
206,417,BIEGAM SE A CO,,03:35:16,M
207,261,AKTYWNI GRÓJEC,,03:35:19,M
208,538,KARDIOCHIRURGIA RZESZÓW,,03:35:21,M
209,593,GRUPA DESANTOWO SZTURMOWA,,03:35:25,M
210,523,RAIFFEISEN POLBANK BIEGAMY NIE TYLKO NA NARTACH,BANKÓW,03:35:29,M
211,110,ACCELERATE MŁPSZŁ,,03:35:36,M
212,639,SYGMA BANK 2,BANKÓW,03:35:38,M
213,454,PWC RUNNING TEAM II,,03:35:39,M
214,322,BAYER LIFE TEAM I,MIĘDZYNARODOWE MISTRZOSTWA POLSKI SZTAFET FIRMOWYCH*,03:35:41,M
215,133,MIJA STORE DESIGN LAB,MIĘDZYNARODOWE MISTRZOSTWA POLSKI SZTAFET FIRMOWYCH*,03:35:50,M
216,466,BENEFIA TEAM,,03:35:56,M
217,275,OPEL RUNNING TEAM,,03:36:01,M
218,113,ACCELERATE LUZACY,,03:36:14,M
219,256,WYDZIAŁ ELEKTRONIKI I TI PW - ABSOLWENCI,,03:36:18,M
220,195,TĘCZOWE SCHABOWE,,03:36:21,M
221,199,LINGARO RUNNING 2,,03:36:24,M
222,493,DRUNK SAMURAI C,,03:36:43,M
223,534,TORPEDOS,,03:36:47,M
224,292, EDC RUNNERS HPT  II,,03:36:55,M
225,483,KURYŁOWICZ&ASSOCIATES,MIĘDZYNARODOWE MISTRZOSTWA POLSKI SZTAFET FIRMOWYCH*,03:37:00,M
226,529,DACPOL,,03:37:08,M
227,279,BIEGAMY Z OCHOTĄ,,03:37:12,M
228,235,CWANE GAPY,MIĘDZYNARODOWE MISTRZOSTWA POLSKI SZTAFET FIRMOWYCH*,03:37:32,M
229,340,PKO BANK POLSKI II,BANKÓW,03:37:41,M
230,210,NALEWKA ZAPOMNIENIA,,03:37:43,M
231,250,NIEMAMSIŁ,,03:37:45,M
232,646,CBRE PŁONĄCE STOPY,MIĘDZYNARODOWE MISTRZOSTWA POLSKI SZTAFET FIRMOWYCH*,03:37:54,M
233,201,ACP PHARMA S.A.,MIĘDZYNARODOWE MISTRZOSTWA POLSKI SZTAFET FIRMOWYCH*,03:37:55,M
234,258,UL RUNNING TEAM,,03:37:58,M
235,459,BRITISH BULLDOGS,,03:38:06,M
236,443,I'M P...,,03:38:12,M
237,238,SIEDEMNASTKA,,03:38:13,M
238,188,COFACE POLAND 1,FIRM UBEZPIECZENIOWYCH,03:38:23,M
239,589,FLAKTWOODS,,03:38:29,M
240,645,AXA RUNNING TEAM 1,FIRM UBEZPIECZENIOWYCH,03:38:32,M
241,207,PEPSICO NONSUGABABES,MIĘDZYNARODOWE MISTRZOSTWA POLSKI SZTAFET FIRMOWYCH*,03:38:37,M
242,251,UNI-PACK,,03:38:40,M
243,511,RAIFFEISEN POLBANK ZUSI TEAM,BANKÓW,03:38:47,M
244,441,SODEXO RUN BETA,,03:38:59,M
245,467,CARLSBERG,,03:39:00,M
246,406,TECHNICOLOR,,03:39:01,M
247,507,ARCADIS,,03:39:05,M
248,157,EGMONT - PĘDZĄCE ŻÓŁWIE,0,03:39:07,M
249,191,ROBERT BOSCH CI@WZ,,03:39:08,M
250,408,MP AMATIM,,03:39:15,M
251,500,DRUNK SAMURAI B,,03:39:23,M
252,244,BONAIR SA II,,03:39:28,M
253,314,UTC TEAM 4,BANKÓW,03:39:46,M
254,122,META JUŻ BLISKO,,03:39:53,M
255,296, EDC RUNNERS HR TEAM,,03:39:56,M
256,232,STEADFAST,,03:39:58,M
257,636,PFIZER POLSKA,MIĘDZYNARODOWE MISTRZOSTWA POLSKI SZTAFET FIRMOWYCH*,03:40:00,M
258,249,ŻOLIBORZ BIEGA,,03:40:06,M
259,580,AVIVA RUNNING TEAM 4,FIRM UBEZPIECZENIOWYCH,03:40:17,M
260,567,E-POINT,,03:40:19,M
261,429,RRG,,03:40:21,M
262,451,PWC RUNNING TEAM,,03:40:33,M
263,615,TU INTER POLSKA TEAM 2,FIRM UBEZPIECZENIOWYCH,03:40:42,M
264,482,MAZEL,MIĘDZYNARODOWE MISTRZOSTWA POLSKI SZTAFET FIRMOWYCH*,03:40:48,M
265,193,POWERSPORT,,03:41:00,M
266,346,RZECZPOSPOLITA,MIĘDZYNARODOWE MISTRZOSTWA POLSKI SZTAFET FIRMOWYCH*,03:41:06,M
267,556,REEBOK RUNNING TEAM,,03:41:10,M
268,419,KONDYCJA MASTERS,,03:41:12,M
269,215,CASTORAMA VI,,03:41:18,M
270,633,BGK RUN 3,BANKÓW,03:41:21,M
271,488,AWBUD 1,,03:41:36,M
272,196,OPEN FINANCE RUNNING TEAM,,03:41:43,M
273,617,THEURBANBEARD.COM TEAM,,03:41:43,M
274,212,CASTORAMA III,,03:41:44,M
275,217,COFACE POLAND 3,FIRM UBEZPIECZENIOWYCH,03:41:49,M
276,344,HP RUN 3,,03:41:53,M
277,614,TU INTER POLSKA TEAM 1,FIRM UBEZPIECZENIOWYCH,03:41:57,M
278,575,MERITUM BANK I PARTNERZY 2,BANKÓW,03:41:59,M
279,643,SPEEDEXO,,03:42:00,M
280,472,O.M.C. GIGANCI,,03:42:02,M
281,158,PĘDZĄCE ŻÓŁWIE,,03:42:04,M
282,649,BEZLITOŚNI,,03:42:08,M
283,332,RBS3,BANKÓW,03:42:09,M
284,125,SAP RUNS BETTER,,03:42:11,M
285,154,PEKAOEKIPA,BANKÓW,03:42:13,M
286,114,ACCELERATE RANNE GAZELE,,03:42:20,M
287,111,ACCELERATE PRICELESS TEAM,MIĘDZYNARODOWE MISTRZOSTWA POLSKI SZTAFET FIRMOWYCH*,03:42:21,M
288,440,SODEXO RUN ALFA,,03:42:23,M
289,551,AVIVA RUNNING TEAM 3,FIRM UBEZPIECZENIOWYCH,03:42:30,M
290,453,FAMILIA,,03:42:43,M
291,537,PASSUS SPORT TEAM,,03:42:44,M
292,175,SUPERSONIC STEAMROLLERS,,03:42:55,M
293,549,BSSG1,,03:42:55,M
294,282,SANDOZ BE HEALTHY 3,,03:43:10,M
295,323,BAYER LIFE TEAM II,,03:43:27,M
296,577,MERITUM BANK I PARTNERZY 3,MIĘDZYNARODOWE MISTRZOSTWA POLSKI SZTAFET FIRMOWYCH*,03:43:58,M
297,444,HENKEL RUNNIG TEAM 1,MIĘDZYNARODOWE MISTRZOSTWA POLSKI SZTAFET FIRMOWYCH*,03:44:12,M
298,435,NOVARTIS 1,,03:44:18,M
299,174,GSK SZYBKA,MIĘDZYNARODOWE MISTRZOSTWA POLSKI SZTAFET FIRMOWYCH*,03:44:28,M
300,126,GITARA - UMFC,,03:44:33,M
301,648,DELOITTE ADVENTURE TEAM - ENERGY,,03:44:40,M
302,150,GTS 3,,03:44:43,M
303,229,LIBERTY DIRECT PRO,FIRM UBEZPIECZENIOWYCH,03:44:56,M
304,224,BIEGNIEMY Z FUKSEM,,03:44:56,M
305,233,POWER_OF_TWO,,03:45:03,M
306,425,UNIQA RUNNERS 2,FIRM UBEZPIECZENIOWYCH,03:45:04,M
307,165,POMARAŃCZOWY PĘD,,03:45:06,M
308,476,DOM KREDYTOWY NOTUS RUNNING TEAM 2,BANKÓW,03:45:10,M
309,161,SEQUENCE,,03:45:12,M
310,625,PRZEBIEGLI MP,,03:45:13,M
311,555,ADIDAS RUNNING TEAM 2,,03:45:15,M
312,501,PWC WAWA ,,03:45:16,M
313,437,NOVARTIS 3,,03:45:19,M
314,489,AWBUD 2,,03:45:23,M
315,423,CYRUS RUNNING TEAM,,03:45:24,M
316,528,GENERALI RUNNING TEAM 4,FIRM UBEZPIECZENIOWYCH,03:45:28,M
317,464,COFACE POLAND 4,FIRM UBEZPIECZENIOWYCH,03:45:33,M
318,403,MEPP EUROPE RUNNING TEAM,,03:45:42,M
319,203,NASK,,03:46:07,M
320,416,GRUPA MALBORK ,,03:46:22,M
321,514,RAIFFEISEN POLBANK RAZEM!,BANKÓW,03:46:39,M
322,144,OBI-BOKI RUNNING CREW II,,03:46:42,M
323,151,GTS 4,,03:46:47,M
324,313,BAKALLAND,MIĘDZYNARODOWE MISTRZOSTWA POLSKI SZTAFET FIRMOWYCH*,03:46:51,M
325,436,NOVARTIS 2,,03:47:25,M
326,411,SINIAT TEAM,,03:47:31,M
327,445,HENKEL RUNNIG TEAM 2,,03:47:40,M
328,641,CARGILL 2,,03:47:44,M
329,142,GOOGLE ENDURANCE TEAM 2,,03:48:01,M
330,582,GOTHAER TEAM 2,FIRM UBEZPIECZENIOWYCH,03:48:12,M
331,342,"""TOMEK I DZIEWCZYNY PKO""",MIĘDZYNARODOWE MISTRZOSTWA POLSKI SZTAFET FIRMOWYCH*,03:48:16,M
332,474,IPOPEMA MARATHON TEAM II,BANKÓW,03:48:30,M
333,237,DYNAMO KOŁOMYJA,,03:48:33,M
334,172,CAELUM TEAM,,03:48:49,M
335,517,RAIFFEISEN POLBANK HERBATNIKI,BANKÓW,03:48:52,M
336,596,RUNFORMERS,,03:49:00,M
337,564,BANK BPH - PO PROSTU FAIR 1,BANKÓW,03:49:05,M
338,220,SCOTT TIGER S.A.,,03:49:10,M
339,252,SAN FUN TEAM,,03:49:28,M
340,269,SCHNEIDER ELECTRIC - KORZYSTAJ W PEŁNI ZE SWOJEJ ENERGII -1,MIĘDZYNARODOWE MISTRZOSTWA POLSKI SZTAFET FIRMOWYCH*,03:49:37,M
341,635,PFIZER CENTRUM,MIĘDZYNARODOWE MISTRZOSTWA POLSKI SZTAFET FIRMOWYCH*,03:49:53,M
342,160,RAISIO,,03:49:55,M
343,486,PAREXEL III,,03:50:04,M
344,542,SPAMMERS RUNNERS,,03:50:10,M
345,180,AMADEUSZ,,03:50:11,M
346,601,SCHNEIDER ELECTRIC - KORZYSTAJ W PEŁNI ZE SWOJEJ ENERGII -3,MIĘDZYNARODOWE MISTRZOSTWA POLSKI SZTAFET FIRMOWYCH*,03:50:20,M
347,134,BAUER RUNNING TEAM 2.0,MIĘDZYNARODOWE MISTRZOSTWA POLSKI SZTAFET FIRMOWYCH*,03:50:53,M
348,541,SIEDLCE II,,03:51:04,M
349,605,COLLEGE OF EUROPE NATOLIN 2,,03:51:32,M
350,284,SANDOZ BE HEALTHY 1,,03:51:34,M
351,222,TOUK OMEGA,,03:51:39,M
352,521,RAIFFEISEN POLBANK BIEGNIEMY SOBIE,BANKÓW,03:51:43,M
353,407,BIEGAMY W KUPIE,,03:52:10,M
354,184,RADIO ESKA,MIĘDZYNARODOWE MISTRZOSTWA POLSKI SZTAFET FIRMOWYCH*,03:52:15,M
355,631,KRUSZWICA - BUNGE 3,0,03:52:31,M
356,650,CRIDO IN MOTION NEW YORK,,03:52:44,M
357,470,BECEGI 2,,03:52:58,M
358,143,NIDEC RUNNING TEAM,MIĘDZYNARODOWE MISTRZOSTWA POLSKI SZTAFET FIRMOWYCH*,03:53:00,M
359,628,BGK RUN 1,BANKÓW,03:53:02,M
360,140,GAŁKA SKŁAD II,,03:53:11,M
361,348,NOVO NORDISK 6,,03:53:18,M
362,530,TYLKO SIĘ NIE ŚMIEJ,,03:53:21,M
363,306,ZARAZ WRACAM,FIRM UBEZPIECZENIOWYCH,03:53:26,M
364,287,ACCELERATE TEAM II,MIĘDZYNARODOWE MISTRZOSTWA POLSKI SZTAFET FIRMOWYCH*,03:53:37,M
365,333,RBS4,BANKÓW,03:53:44,M
366,599,FDNT RUNNING TEAM 2,,03:53:50,M
367,343,PKO BANK POLSKI - AUDYTORZY,BANKÓW,03:53:51,M
368,434,DELOITTE ADVENTURE TEAM ERS,,03:53:55,M
369,318,POWERADE RUNNING TEAM III,,03:54:03,M
370,182,GOOGLE ENDURANCE TEAM 3,,03:54:12,M
371,610,PTYSIE,,03:54:12,M
372,512,RAIFFEISEN POLBANK DBE,BANKÓW,03:54:34,M
373,146,GOOGLE ENDURANCE TEAM,MIĘDZYNARODOWE MISTRZOSTWA POLSKI SZTAFET FIRMOWYCH*,03:55:01,M
374,263,BAUER RUNNING TEAM 4.0,MIĘDZYNARODOWE MISTRZOSTWA POLSKI SZTAFET FIRMOWYCH*,03:55:04,M
375,519,HUAWEI,,03:55:19,M
376,130,WPM MOSTY SA,,03:55:22,M
377,341,PKO BANK POLSKI „ELECTRO FLOW”,BANKÓW,03:55:27,M
378,531,GRUPA EMF ,,03:55:43,M
379,285,ACCELERATE WE TRAINED WHOLE YEAR,MIĘDZYNARODOWE MISTRZOSTWA POLSKI SZTAFET FIRMOWYCH*,03:56:02,M
380,109,ACCELERATE FUSION 3,MIĘDZYNARODOWE MISTRZOSTWA POLSKI SZTAFET FIRMOWYCH*,03:56:10,M
381,627,NOVARTIS 5,,03:56:19,M
382,457,ITWL 2,MIĘDZYNARODOWE MISTRZOSTWA POLSKI SZTAFET FIRMOWYCH*,03:56:20,M
383,162,ENEL MED TEAM,,03:56:37,M
384,185,BAUER RUNNING TEAM 3.0,MIĘDZYNARODOWE MISTRZOSTWA POLSKI SZTAFET FIRMOWYCH*,03:56:40,M
385,644,PRĘDKOŚĆ ZGASZONEGO ŚWIATŁA,,03:56:41,M
386,612,BOSSA.PL I PRZYJACIELE,,03:56:45,M
387,311,CHWILE KTÓRE ŁĄCZĄ,,03:56:52,M
388,548,3M POLAND RUNNING TEAM,,03:57:10,M
389,335,RBS6,BANKÓW,03:57:16,M
390,255,SSW WAT,,03:57:25,M
391,600,EUROPOL GAZ,,03:57:37,M
392,116,ACCENTURE TODO BIEGU,,03:57:37,M
393,192,DZIKIE DZIKI 2,,03:57:51,M
394,415,PARTNER OF PROMOTION,,03:57:52,M
395,117,ACCELERATE VICTORIOUS SECRET,MIĘDZYNARODOWE MISTRZOSTWA POLSKI SZTAFET FIRMOWYCH*,03:58:11,M
396,620,MAXUS,,03:58:38,M
397,515,RAIFFEISEN POLBANK THE GIRL AND FIVE BOYS,BANKÓW,03:59:08,M
398,619,BELL,MIĘDZYNARODOWE MISTRZOSTWA POLSKI SZTAFET FIRMOWYCH*,03:59:32,M
399,277,PEKAO LEASING RUNNERS_2,BANKÓW,03:59:35,M
400,513,RAIFFEISEN POLBANK SECURITY FORCES,MIĘDZYNARODOWE MISTRZOSTWA POLSKI SZTAFET FIRMOWYCH*,03:59:48,M
401,331,RBS2,BANKÓW,03:59:57,M
402,243,BONAIR SA I,,03:59:58,M
403,583,PHILIPS ULTRASOUND,MIĘDZYNARODOWE MISTRZOSTWA POLSKI SZTAFET FIRMOWYCH*,04:00:03,M
404,104,ACCENTURE FINANCE TEAM,MIĘDZYNARODOWE MISTRZOSTWA POLSKI SZTAFET FIRMOWYCH*,04:00:10,M
405,525,GENERALI RUNNING TEAM,FIRM UBEZPIECZENIOWYCH,04:00:40,M
406,637,BGK RUN 2,BANKÓW,04:00:41,M
407,254,MILLER CANFIELD RUNNING TEAM,PRAWNICY,04:00:47,M
408,262,BODYLINE FITNESS KLUB GRÓJEC,,04:00:49,M
409,527,GENERALI RUNNING TEAM 3,FIRM UBEZPIECZENIOWYCH,04:00:50,M
410,106,ACCELERATE BOOTS-ON-FIRE,MIĘDZYNARODOWE MISTRZOSTWA POLSKI SZTAFET FIRMOWYCH*,04:01:09,M
411,559,GRUPA MEDIUM,MIĘDZYNARODOWE MISTRZOSTWA POLSKI SZTAFET FIRMOWYCH*,04:01:25,M
412,630,KRUSZWICA - BUNGE 2,MIĘDZYNARODOWE MISTRZOSTWA POLSKI SZTAFET FIRMOWYCH*,04:01:29,M
413,266,NOVO NORDISK 3,,04:01:30,M
414,214,CASTORAMA V,,04:01:32,M
415,273,SAGE 2,MIĘDZYNARODOWE MISTRZOSTWA POLSKI SZTAFET FIRMOWYCH*,04:01:57,M
416,124,12TRI.PL 5,,04:02:05,M
417,107,ACCELERATE FUSION 1,MIĘDZYNARODOWE MISTRZOSTWA POLSKI SZTAFET FIRMOWYCH*,04:02:19,M
418,546,PATA NEGRA,,04:02:28,M
419,428,WINCOR NIXDORF 2,BANKÓW,04:02:38,M
420,208,CONCEPTO RUNNING TEAM ,,04:02:51,M
421,213,CASTORAMA IV,,04:02:58,M
422,309,TV PULS,,04:03:19,M
423,505,BOSSA.PL - NIE TYLKO DEBIUTANCI,,04:03:43,M
424,308,SEGRO,,04:03:56,M
425,518,RAIFFEISEN POLBANK AUDYT W BIEGU,BANKÓW,04:03:58,M
426,325,NOVO NORDISK 5,,04:04:00,M
427,616,NASK 2,,04:04:23,M
428,606,COLLEGE OF EUROPE NATOLIN 3,,04:04:27,M
429,334,RBS5,BANKÓW,04:04:46,M
430,552,BSSG2,,04:04:55,M
431,492,KOCHANI BIEGNĄ,,04:05:25,M
432,270,SCHNEIDER ELECTRIC - KORZYSTAJ W PEŁNI ZE SWOJEJ ENERGII -2,MIĘDZYNARODOWE MISTRZOSTWA POLSKI SZTAFET FIRMOWYCH*,04:05:45,M
433,118,ZALEWSCY,,04:05:48,M
434,267,NOVO NORDISK 4,,04:06:05,M
435,317,POWERADE RUNNING TEAM II,MIĘDZYNARODOWE MISTRZOSTWA POLSKI SZTAFET FIRMOWYCH*,04:06:14,M
436,520,JESTEM TU PRZEZ PRZYPADEK,,04:06:21,M
437,484,DOW RUNNERS,MIĘDZYNARODOWE MISTRZOSTWA POLSKI SZTAFET FIRMOWYCH*,04:06:38,M
438,438,NOVARTIS 4,,04:06:52,M
439,431,BIEGIEM NA MELANŻ,FIRM UBEZPIECZENIOWYCH,04:07:09,M
440,632,KRUSZWICA - BUNGE 4,MIĘDZYNARODOWE MISTRZOSTWA POLSKI SZTAFET FIRMOWYCH*,04:07:34,M
441,524,RAIFFEISEN POLBANK R-JOGGERS,MIĘDZYNARODOWE MISTRZOSTWA POLSKI SZTAFET FIRMOWYCH*,04:07:52,M
442,108,ACCELERATE FUSION 2,MIĘDZYNARODOWE MISTRZOSTWA POLSKI SZTAFET FIRMOWYCH*,04:10:00,M
443,510,RAIFFEISEN POLBANK GO GIRLS !,MIĘDZYNARODOWE MISTRZOSTWA POLSKI SZTAFET FIRMOWYCH*,04:10:06,M
444,105,ACCENTURE WORKPLACE TEAM,MIĘDZYNARODOWE MISTRZOSTWA POLSKI SZTAFET FIRMOWYCH*,04:10:59,M
445,240,MAMBA,,04:11:03,M
446,320,SYSKONF,,04:12:01,M
447,218,SALSA,,04:12:08,M
448,504,BOSSA.PL - BOSSKIE,,04:12:22,M
449,198,THE SLOW MO TEAM,,04:12:58,M
450,621,ONE STEP AHEAD TEAM 1,,04:13:51,M
451,468,PAREXEL II ,MIĘDZYNARODOWE MISTRZOSTWA POLSKI SZTAFET FIRMOWYCH*,04:14:27,M
452,607,COLLEGE OF EUROPE NATOLIN 4,,04:16:34,M
453,135,YOKOGAWA JOGGERS,,04:17:03,M
454,194,NARODOWE CENTRUM BADAŃ I ROZWOJU  II,,04:17:19,M
455,558,WSZYSTKO W SWOIM TEMPIE,,04:18:50,M
456,495,HIAB 2,,04:20:24,M
457,265,NOVO NORDISK 2,,04:22:04,M
458,462,PRZEBIEGLI,,04:23:27,M
459,602,21 SLO GROTOWSKI 2@,,04:24:09,M
460,603,21 SLO GROTOWSKI ,,04:28:15,M
461,622,ONE STEP AHEAD TEAM 2,,04:43:59,M
